question_topic_name,question_grade,question_term,question_unit,question_type1,question_type2,question_filename,question_dataset,question_text
지름의 성질 알아보기,P3,2,03,2,1,P3_2_03_00043_53465.png,1,지름이 $12 cm$인 원을 그리려면 컴퍼스를 몇 $cm$가 되도록 벌려야 합니까?
두 각도의 차 구하기,P4,1,02,2,1,P4_1_02_00042_28234.png,1,$\square$ 안에 알맞은 각도를 써넣으시오. $(1) 85°+\square=115°$ $(2) \square‒75°=80°$
원의 반지름과 지름 알아보기,P3,2,03,2,0,P3_2_03_00043_53315.png,1,원에는 중심이 몇 개 있습니까?
예각삼각형 알아보기,P4,2,02,2,0,P4_2_02_00042_28326.png,1,예각삼각형에는 예각이 몇 개 있습니까?
정사각형의 특징 알아보기,P3,1,02,2,1,P3_1_02_00043_34718.png,1,"철사를 사용하여 가로가 $10cm$, 세로가 $8cm$인 직사각형을 만들었습니다. 이 철사를 펴서 다시 가장 큰 정사각형 $1$개를 만들 때, 이 정사각형의 한 변의 길이는 몇 $cm$입니까?"
두 각도의 차 구하기,P4,1,02,2,1,P4_1_02_00042_28015.png,1,각도의 계산을 하시오. (1) $72^{\circ}+98^{\circ}$ (2) $107^{\circ}-16^{\circ}$
원 그리기,P3,2,03,2,1,P3_2_03_00042_53260.png,1,반지름이 $8$cm인 원을 그리려고 합니다. 컴퍼스의 침과 연필심 사이를 몇 $cm$ 벌려야 합니까?
두 각도의 차 구하기,P4,1,02,2,1,P4_1_02_00043_37308.png,1,"각의 크기를 비교하여 $\bigcirc$ 안에 $>, = , <$를 알맞게 써넣으시오. $155^{\circ}-30^{\circ} \bigcirc 85^{\circ}+45^{\circ}$"
정사각형의 특징 알아보기,P3,1,02,2,1,P3_1_02_00042_25651.png,1,"정호와 근희는 각각 길이가 $28$ cm인 끈을 가지고 있습니다. 끈을 남김없이 모두 사용하여 정호는 가로가 $10$ cm인 직사각형을 만들고, 근희는 정사각형을 만들었습니다. 두 사람이 만든 사각형의 세로의 길이의 합은 몇 cm입니까?"
마름모의 성질 알아보기,P4,2,04,2,1,P4_2_04_00043_54179.png,1,길이가 $ 96 $ cm인 철사를 모두 사용하여 마름모를 한 개 만들었습니다. 만들어진 마름모의 한 변은 몇 cm입니까?
두 각도의 합 구하기,P4,1,02,2,1,P4_1_02_00042_28230.png,1,각도의 합을 계산하시오. (1) $ 75^{\circ}+68^{\circ} $ (2) $ 135^{\circ}+59^{\circ} $ (3) $ 90^{\circ}+50^{\circ} $ (4) $ 95^{\circ}+180^{\circ} $
예각과 둔각 알아보기,P4,1,02,2,1,P4_1_02_00042_83933.png,1,"은주는 3시 25분에 수영을 시작하여 1시간 20분 동안 했습니다. 은주가 수영을 마친 시각을 시계에 나타낼 때, 시침과 분침이 이루는 작은 쪽의 각은 예각입니까, 둔각입니까?"
두 각도의 차 구하기,P4,1,02,2,1,P4_1_02_00042_27485.png,1,$\square$ 안에 알맞은 각도를 써넣으시오.  $ 90^{\circ}+\square=245^{\circ} $
정사각형의 특징 알아보기,P3,1,02,2,1,P3_1_02_00043_34728.png,1,한 변의 길이가 $63cm$인 정사각형 모양의 종이를 잘라 한 변의 길이가 $9cm$인 정사각형을 만들려고 합니다. 모두 몇 개까지 만들 수 있습니까?
두 각도의 차 구하기,P4,1,02,2,1,P4_1_02_00042_31082.png,1,"계산 결과가 예각인 경우에는 ‘예’, 둔각인 경우에는 ‘둔’이라고 쓰시오. (1) $ 90^{\circ}+15^{\circ} $ (2) $ 25^{\circ}+66^{\circ} $ (3) $ 180^{\circ}-95^{\circ} $"
정사각형의 특징 알아보기,P3,1,02,2,1,P3_1_02_00042_25469.png,1,네 변의 길이의 합이 $ 28 \mathrm{~cm} $ 인 정사각형의 한 변의 길이는 몇 $ \mathrm{cm} $ 입니까?
삼각형을 각의 크기에 따라 분류하기,P4,2,02,2,1,P4_2_02_00042_29755.png,1,"삼각형의 세 각 중 두 각의 크기가 다음과 같을 때, 각 삼각형은 예각삼각형과 둔각삼각형 중에서 어떤 삼각형인지 쓰시오. (1) $50\degree,60\degree$ (2) $35\degree,40\degree$"
정사각형의 특징 알아보기,P3,1,02,2,1,P3_1_02_00042_25580.png,1,한 변의 길이가 $ 16 \mathrm{~m} $인 정사각형 모양의 공원이 있습니다. 유란이가 이 공원의 둘레를 한 바퀴 걸었다면 유란이는 모두 몇 $ \mathrm{m} $를 걸었습니까?
두 각도의 차 구하기,P4,1,02,2,1,P4_1_02_00043_37268.png,1,두 각도의 합과 차를 구하시오. (1) $135^{\circ}+80^{\circ}$ (2) $140^{\circ}-65^{\circ}$
직각 알아보기,P3,1,02,2,1,P3_1_02_00043_34650.png,1,지금 시각은 $1$시 정각입니다. 은우는 앞으로 $4$시간 동안 아르바이트를 하는데 시계의 긴 바늘과 짧은 바늘이 직각을 이루는 때에만 $5$분씩 쉴 수 있습니다. 은우는 모두 몇 분을 쉴 수 있습니까?
지름의 성질 알아보기,P3,2,03,2,1,P3_2_03_00043_53642.png,1,컴퍼스를 사용하여 지름이 $12 cm$인 원을 그리려고 합니다. 컴퍼스를 몇 $cm$만큼 벌려야 합니까?
예각과 둔각 알아보기,P4,1,02,2,1,P4_1_02_00042_30338.png,1,"다음과 같은 각도를 예각, 둔각으로 구분하여 보시오. (1) $45^{\circ}$ (2) $145^{\circ}$"
직사각형의 특징 알아보기,P3,1,02,2,1,P3_1_02_00043_00059.png,1,네 변의 길이의 합이 $ 24 \mathrm{~cm} $ 인 직사각형이 있습니다. 이 직사각형의 긴 변이 $ 9 \mathrm{~cm} $ 라면 짦은 변은 몇 $\mathrm{cm}$입니까?
원 그리기,P3,2,03,2,1,P3_2_03_00042_88223.png,1,컴퍼스의 침과 연필심 사이를 $7cm$로 해서 원을 그리면 원의 반지름의 길이는 몇 $cm$가 됩니까?
삼각형을 각의 크기에 따라 분류하기,P4,2,02,2,1,P4_2_02_00042_84333.png,1,"두 각의 크기가 다음과 같은 삼각형은 예각삼각형인지, 둔각삼각형인지 쓰시오.(1) 75°, 40°(2) 45°, 35°"
원의 반지름과 지름 알아보기,P3,2,03,2,0,P3_2_03_00043_53305.png,1,한 원에는 원의 중심이 몇 개 있습니까?
두 각도의 차 구하기,P4,1,02,2,1,P4_1_02_00043_37323.png,1,두 각도의 합과 차를 구하시오. (1) $80^{\circ}+30^{\circ}$ (2) $40^{\circ}+65^{\circ}$ (3) $120^{\circ}-30^{\circ}$ (4) $160^{\circ}-85^{\circ}$
두 각도의 차 구하기,P4,1,02,2,1,P4_1_02_00042_28021.png,1,두 각도의 합과 차를 각각 구하시오. $\boxed{75^{\circ}  30^{\circ}}$ 합 ( $\qquad$) 차 ($\qquad$ )
예각과 둔각 알아보기,P4,1,02,2,1,P4_1_02_00043_37688.png,1,희정이는 $8$시 $30$분에 등교하여 $7$시간 후에 하교합니다. 희정이가 학교에 있는 시간 중에서 시계의 긴바늘이 숫자 $12$를 가리키고 긴바늘과 짧은바늘이 이루는 작은 쪽의 각이 예각인 경우는 몇 번 있는지 알아보시오.  ⑴ 희정이가 하교하는 시각은 몇 시 몇 분입니까?  ⑵ 희정이가 학교에 있는 시간 중에서 시계의 긴바늘이 숫자 $12$를 가리키는 시각을 모두 쓰시오.  ⑶ ⑵의 시각 중 긴바늘과 짧은바늘이 이루는 작은 쪽의 각이 예각인 경우는 몇 번입니까?
원의 반지름과 지름 알아보기,P3,2,03,2,0,P3_2_03_00042_53228.png,1,"컴퍼스를 이용하여 원을 그릴 때, 컴퍼스의 침이 꽂혔던 자리를 무엇이라고 합니까?"
정사각형의 특징 알아보기,P3,1,02,2,1,P3_1_02_00042_83870.png,1,길이가 $ 32 \mathrm{~cm} $ 인 철사로 가장 큰 정사각형을 만들려고 합니다. 한 변을 몇 $ \mathrm{cm} $ 로 하면 됩니까?
각도기를 이용하여 각도 재기,P4,1,02,2,1,P4_1_02_00042_83897.png,1,$4$시와 $8$시를 가리키는 모형 시계가 있습니다. 시계의 두 바늘이 이루는 작은 쪽의 각의 크기를 더하면 몇 도가 됩니까?
예각과 둔각 알아보기,P4,1,02,2,1,P4_1_02_00043_37146.png,1,은주는 시계를 보았더니 $4$시였습니다. 시계를 보기 $30$분 전에 시계의 긴바늘과 짧은바늘이 이루는 작은 쪽의 각은 예각과 둔각 중 어느 것입니까?
삼각형에서 나머지 한 각의 크기 구하기,P4,1,02,2,1,P4_1_02_00042_31038.png,1,한 각의 크기가 $70^{\circ}$인 삼각형이 있습니다. 나머지 두 각의 크기의 합은 얼마입니까?
예각과 둔각 알아보기,P4,1,02,2,1,P4_1_02_00042_28700.png,1,"은성이는 $7$시 $45$분에 집에서 출발하여 $285$분 후 할머니 댁에 도착하였습니다. 할머니 댁에 도착한 시각의 시침과 분침이 이루는 작은 쪽의 각은 예각, 직각, 둔각 중 어느 것입니까?"
예각삼각형 알아보기,P4,2,02,2,1,P4_2_02_00042_30374.png,1,"세 각의 크기가 $ 30^{\circ}, 80^{\circ}, 70^{\circ} $ 인 삼각형이 있습니다.이 삼각형은 예각삼각형입니까, 둔각삼각형입니까?"
두 각도의 차 구하기,P4,1,02,2,1,P4_1_02_00043_37693.png,1,"각도를 비교하여 $\bigcirc$ 안에 $>, =, <$를 알맞게 써넣으시오. $ 45^{\circ}+135^{\circ} \bigcirc 275^{\circ}-95^{\circ} $"
정사각형의 특징 알아보기,P3,1,02,2,1,P3_1_02_00043_34720.png,1,"가로가 $30cm$, 세로가 $16cm$인 직사각형 모양의 종이를 잘라서 가장 큰 정사각형을 만들었습니다. 남은 직사각형 모양 종이의 네 변의 길이의 합은 몇 $cm$입니까?"
두 각도의 차 구하기,P4,1,02,2,1,P4_1_02_00042_30146.png,1,각도의 합과 차를 계산하시오. (1) $ 75^{\circ}+140^{\circ} $ (2) $ 320^{\circ}-185^{\circ} $
직사각형의 특징 알아보기,P3,1,02,2,1,P3_1_02_00042_25566.png,1,"길이가 $80 cm$인 철사로 짧은 변의 길이가 $11 cm$이고, 긴 변의 길이가 $15 cm$인 직사각형을 만들었습니다. 남은 철사의 길이는 몇 $cm$입니까?"
정사각형의 특징 알아보기,P3,1,02,2,1,P3_1_02_00042_25661.png,1,한 변의 길이가 $13 m$인 정사각형 모양의 꽃밭이 있습니다. 혜빈이가 이 꽃밭의 둘레를 한 바퀴 걸었다면 혜빈이는 몇 $m$를 걸었습니까?
마름모의 성질 알아보기,P4,2,04,2,1,P4_2_04_00043_54161.png,1,네 변의 합이 $ 32 \mathrm{~cm} $인 마름모의 한 변은 몇 $\mathrm{~cm}$입니까?
직각삼각형 알아보기,P3,1,02,2,0,P3_1_02_00043_35027.png,1,$\square$ 안에 알맞은 말을 써넣으시오.  $\square$각이 직각인 삼각형을 직각삼각형이라고 합니다.
삼각형의 변의 길이에 따라 분류하기,P4,2,02,2,1,P4_2_02_00043_37631.png,1,세 변의 길이의 합이 $36 cm$인 정삼각형이 있습니다. 이 정삼각형의 한 변의 길이는 몇 $cm$입니까?
두 각도의 차 구하기,P4,1,02,2,1,P4_1_02_00042_84295.png,1,$\square$ 안에 알맞은 각도를 써넣으시오. ($1$) $125\degree + 35\degree$=$\square$ ($2$) $270\degree - \square$=$190\degree$ ($3$) $\square - 90\degree$=$155\degree$
정사각형의 특징 알아보기,P3,1,02,2,1,P3_1_02_00042_25664.png,1,"가로가 $8 cm$, 세로가 $6 cm$인 직사각형 모양을 만든 철사를 펴서 남김없이 모두 사용하여 정사각형 모양을 만들려고 합니다. 정사각형 모양의 한 변의 길이를 몇 $cm$로 하면 됩니까?"
지름의 성질 알아보기,P3,2,03,2,1,P3_2_03_00043_53709.png,1,"가로가 $20 cm$이고, 세로가 $6 cm$인 직사각형 안에 그릴 수 있는 가장 큰 원을 겹치지 않게 그려 넣을 때, 원을 최대 몇 개까지 그릴 수 있습니까?"
정사각형의 특징 알아보기,P3,1,02,2,1,P3_1_02_00042_32799.png,1,네 변의 합이 $36cm$인 정사각형이 있습니다. 이 정사각형의 한 변은 몇 $cm$입니까?
예각과 둔각 알아보기,P4,1,02,2,0,P4_1_02_00042_28715.png,1,정삼각형에는 예각이 모두 몇 개 있습니까?
수직,P4,2,04,2,0,P4_2_04_00043_51978.png,1,"설명이 옳은 것에 $\bigcirc$표, 틀린 것에 $△$표 하시오. (1) 두 직선이 만나서 이루는 각이 직각일 때, 두 직선은 서로 수직입니다.  (2) 한 직선에 그을 수 있는 수선은 $1$개 뿐입니다."
두 각도의 차 구하기,P4,1,02,2,1,P4_1_02_00042_83898.png,1,사격 선수가 처음에 $85^{\circ}$ 의 각도로 쏘았더니 과녁의 위쪽에 맞았습니다. 두 번째는 $85^{\circ}$ 보다 $25^{\circ}$ 아래의 각도로 쏘았더니 아래 부분에 맞았습 니다. 세 번째는 두 번째보다 $10^{\circ}$ 위의 각도로 쏘았더니 과녁에 맞았습니다. 세 번째는 몇 도로 사격을 했습니까?
지름의 성질 알아보기,P3,2,03,2,1,P3_2_03_00043_53473.png,1,"지름이 $18\,cm$인 원을 그리려면 컴퍼스의 침과 연필심 사이가 몇 $cm$가 되도록 벌려야 합니까?"
직사각형의 특징 알아보기,P3,1,02,2,1,P3_1_02_00042_25456.png,1,"긴 변과 짧은 변의 길이가 각각 $ 6 \mathrm{~cm}, 4 \mathrm{~cm} $ 인 직사각형의 네 변의 길이의 합은 몇 cm입니까?"
원 그리기,P3,2,03,2,0,P3_2_03_00043_53348.png,1,컴퍼스를 사용하여 반지름이 $3$cm인 원을 그려 보시오.
두 각도의 차 구하기,P4,1,02,2,1,P4_1_02_00042_28018.png,1,$\square$ 안에 알맞은 각도를 써넣으시오.  ($1$) $270\degree$+$45\degree$=$\square$ ($2$) $180\degree-\square$=$63\degree$
정사각형의 특징 알아보기,P3,1,02,2,1,P3_1_02_00043_34696.png,1,한 변의 길이가  $8 \mathrm{~cm}$ 인 정사각형 모양의 옷감이 있습니다. 이 옷감의 네 변의 길이의 합은 몇 $\mathrm{cm}$입니까?
각도기를 이용하여 각도 재기,P4,1,02,2,1,P4_1_02_00042_28135.png,1,지금 시각은 $10$시입니다. 지금부터 시계의 분침이 $  150^{\circ} $를 움직이면 몇 시 몇 분이 됩니까?
삼각형을 각의 크기에 따라 분류하기,P4,2,02,2,1,P4_2_02_00042_28765.png,1,"두 각이 각각  $ 25^{\circ}, 70^{\circ} $인 삼각형이 있습니다. 이 삼각형은 예각삼각형과 둔각삼각형 중 어떤 삼각형입니까?"
직사각형의 특징 알아보기,P3,1,02,2,1,P3_1_02_00042_25193.png,1,주위에서 직사각형 모양이 있는 물건을 $2$개만 찾아 쓰시오.
사다리꼴 알아보기,P4,2,04,2,0,P4_2_04_00043_53948.png,1,$\square$ 안에 알맞은 말을 써넣으시오. 마주 보는 한 쌍의 변이 서로 평행한 사각형을 $\square$이라고 합니다.
두 각도의 차 구하기,P4,1,02,2,1,P4_1_02_00043_37314.png,1,각도의 합과 차를 구하시오.($1$) $65°+95°=\square$ ($2$) $140°-75°=\square$
정사각형의 특징 알아보기,P3,1,02,2,1,P3_1_02_00043_34704.png,1,한 변의 길이가  $30 \mathrm{~cm}$ 인 정사각형 모양 바둑판의 네 변의 길이의 합은 몇 $\mathrm{cm}$ 입니까?
원 그리기,P3,2,03,2,1,P3_2_03_00043_53345.png,1,장희는 컴퍼스를  $ 4 \mathrm{~cm} $ 만큼 벌려서 원을 그렸습니다. 장희가 그린 원의 반지름은 몇 $\mathrm{cm}$입니까?
예각과 둔각 알아보기,P4,1,02,2,1,P4_1_02_00042_29751.png,1,"예지가 $40$분 동안 공부를 한 후 시계를 보니 $4$시 정각이었습니다. 예지가 공부를 시작한 시각의 시계의 시침과 분침이 이루는 작은 쪽의 각은 예각, 직각, 둔각 중에서 어느 것입니까?"
직사각형의 특징 알아보기,P3,1,02,2,1,P3_1_02_00043_34687.png,1,"우진이의 침대는 네 변의 길이의 합이 $ 660 \mathrm{~cm} $인 직사각형 모양입니다. 침대의 세로가 가로의 $2$배일 때, 침대의 세로는 몇 $ \mathrm{cm} $인지 구하시오."
각도기와 자를 이용하여 각 그리기,P4,1,02,2,1,P4_1_02_00042_28186.png,1,피자 한 판을 똑같이 $6$조각으로 나눈 한 조각의 각의 크기의 $2$배인 각을 그려 보시오.
원의 반지름과 지름 알아보기,P3,2,03,2,0,P3_2_03_00042_53231.png,1,한 원에서 반지름은 몇 개까지 그릴 수 있습니까?
원의 반지름과 지름 알아보기,P3,2,03,2,0,P3_2_03_00042_53237.png,1,한 원에서 원의 중심은 몇 개 있습니까?
예각과 둔각 알아보기,P4,1,02,2,1,P4_1_02_00042_30339.png,1,"각의 크기를 비교하여 $\bigcirc$ 안에 >, <를 알맞게 써넣으시오 . 예각 $\bigcirc$ 직각 $\bigcirc$ 둔각"
예각과 둔각 알아보기,P4,1,02,2,0,P4_1_02_00043_37156.png,1,"서영이가 말한 각도를 보고 은채의 대답을 알맞게 써넣으시오.  서영 : 우리 예각, 직각, 둔각 말하기 놀이 할래?은채 : 좋아! 네가 각도를 말하면 내가 답할게~!  서영 : $45^{\circ}, 90^{\circ}, 145^{\circ}$ 를 차례로 말해봐! 은채 :$\square, \square, \square$"
둔각삼각형 알아보기,P4,2,02,2,1,P4_2_02_00042_28761.png,1,"$\square$ 안에 알맞은 수를 써넣으시오.  예각삼각형에는 $\square$ 개 있고, 둔각삼각형에는 둔각이 $\square$개, 예각이 $\square$개 있습니다."
두 각도의 차 구하기,P4,1,02,2,1,P4_1_02_00042_30159.png,1,각도의 합과 차를 계산하시오.  (1) $60^{\circ}+50^{\circ}=\square$ (2) $120^{\circ}+150^{\circ}=\square$ (3) $90^{\circ}-55^{\circ}=\square$ (4) $175^{\circ}-85^{\circ}=\square$
삼각형을 각의 크기에 따라 분류하기,P4,2,02,2,0,P4_2_02_00042_28776.png,1,"어느 삼각형의 두 각의 크기를 재어 보았더니 각각 $ 50^{\circ}, 20^{\circ} $였습니다. 이 삼각형은 예각삼각형인지, 둔각삼각형인지 쓰시오."
두 각도의 차 구하기,P4,1,02,2,1,P4_1_02_00042_30147.png,1,$\square$ 안에 알맞은 각도를 써넣으시오. (1) $ 45^{\circ}+\square=150^{\circ} $ (2) $ \square-190^{\circ}=95^{\circ} $
삼각형의 변의 길이에 따라 분류하기,P4,2,02,2,1,P4_2_02_00043_37542.png,1,형호는 미술 시간에 길이가 $ 48 \mathrm{~cm} $ 인 철사를 남기거나 겹치는 부분이 없도록 구부려서 정삼각형을 한 개 만들었습니다. 만든 정삼각형의 한 변의 길이는 몇 $\mathrm{cm}$입니까?
정사각형의 특징 알아보기,P3,1,02,2,1,P3_1_02_00042_25667.png,1,"가로가 $42 cm$, 세로가 $35 cm$인 직사각형 모양의 종이가 있습니다. 이 종이를 잘라서 한 변의 길이가 $7 cm$인 정사각형을 만들려고 합니다. 정사각형을 몇 개까지 만들 수 있습니까?"
지름의 성질 알아보기,P3,2,03,2,1,P3_2_03_00043_53456.png,1,$\square$ 안에 알맞은 수를 써넣으시오.  (원의 지름)$=$(원의 반지름)$\times \square$
정사각형의 성질 알아보기,P4,2,04,2,1,P4_2_04_00042_92177.png,1,정사각형 모양의 창문의 둘레를 재어 보니 $80cm$였습니다. 이 창문의 한 변은 몇 $cm$입니까?
두 각도의 차 구하기,P4,1,02,2,1,P4_1_02_00043_37256.png,1,"각의 크기를 비교하여 $\bigcirc$ 안에 $>, =, <$를 알맞게 써넣으시오. $ 95^{\circ}+125^{\circ} \bigcirc 245^{\circ}-75^{\circ} $"
정사각형의 특징 알아보기,P3,1,02,2,1,P3_1_02_00043_34724.png,1,"가로가 $8m$, 세로가 $6m$인 직사각형 모양의 바닥에 한 변의 길이가 $2m$인 정사각형 모양의 대리석을 빈틈없이 깔려고 합니다. 필요한 대리석은 모두 몇 장입니까?"
이등변삼각형 알아보기,P4,2,02,2,1,P4_2_02_00043_37549.png,1,"두 변의 길이가 다음과 같은 이등변삼각형을 그리려고 합니다. 나머지 한 변이 될 수 있는 길이를 모두 쓰시오. $7cm,12cm$"
정사각형의 특징 알아보기,P3,1,02,2,1,P3_1_02_00043_34725.png,1,"긴 변이 $35m$, 짧은 변이 $21m$인 직사각형 모양의 밭이 있습니다. 이 밭을 한 변의 길이가$ 7m$인 정사각형 모양으로 똑같이 나눈 다음, 각각의 정사각형 안에 서로 다른 채소를 심으려고 합니다. 심을 수 있는 채소의 종류는 모두 몇 가지입니까?"
정사각형의 특징 알아보기,P3,1,02,2,1,P3_1_02_00042_25210.png,1,한 변이 $4 \mathrm{~cm}$ 인 정사각형의 네 변의 합은 몇 $\mathrm{~cm}$입니까?
예각과 둔각 알아보기,P4,1,02,2,0,P4_1_02_00042_28683.png,1,"시계에 주어진 시각을 나타내었을 때 시침과 분침이 이루는 작은 쪽의 각을 예각, 직각, 둔각으로 구분하여 $() $안에 쓰시오.  "
두 각도의 합 구하기,P4,1,02,2,1,P4_1_02_00042_28203.png,1,각도의 합을 계산하시오. (1) $30\degree+20\degree$ (2) $70\degree+45\degree$ (3) $180\degree+95\degree$ (4) $65\degree+270\degree$
삼각형에서 나머지 한 각의 크기 구하기,P4,1,02,2,1,P4_1_02_00042_31034.png,1,삼각형에서 한 각의 크기가 $121^{\circ}$일 때 나머지 두 각의 크기의 합을 구하시오.
삼각형에서 나머지 한 각의 크기 구하기,P4,1,02,2,1,P4_1_02_00042_30194.png,1,삼각형의 한 각의 크기가 $ 110\degree $라면 나머지 두 각의 크기의 합은 얼마입니까?
직각삼각형 알아보기,P3,1,02,2,0,P3_1_02_00042_83855.png,1,"다음과 같은 도형은 어떤 도형입니까?  ·변, 꼭짓점, 각이 각각 세 개입니다. ·한 개의 각이 직각입니다."
정사각형의 성질 알아보기,P4,2,04,2,0,P4_2_04_00042_92179.png,1,"정사각형에 대한 설명입니다. 맞으면 $\bigcirc$표, 틀리면 ×표 하시오. (1) 네 각의 크기가 다릅니다. (2) 마름모라고 할 수 있습니다."
두 각도의 차 구하기,P4,1,02,2,1,P4_1_02_00042_30143.png,1,"$\bigcirc$  안에 $>, = ,<$를 알맞게 써넣으시오. $ 320^{\circ}-105^{\circ}  \bigcirc  130^{\circ}+85^{\circ} $"
원의 반지름과 지름 알아보기,P3,2,03,2,0,P3_2_03_00043_53311.png,1,$\square$ 안에 알맞은 말을 써넣으시오. 원의 중심과 원 위의 한 점을 이은 선분을 $\square$ 이라고 합니다.
두 각도의 합 구하기,P4,1,02,2,1,P4_1_02_00042_99024.png,1,"$\square$ 안에 알맞은 각도를 써넣고 예각, 직각, 둔각 중에서 어느 것인지 쓰시오. 직각 $ +30^{\circ}=\square $"
마름모의 성질 알아보기,P4,2,04,2,1,P4_2_04_00042_55786.png,1,한 변이 $10 cm$인 마름모의 네 변의 합은 몇 $cm$입니까?
지름의 성질 알아보기,P3,2,03,2,1,P3_2_03_00043_53730.png,1,"크기가 다른 원 가와 나가 있습니다. 원 가의 반지름이 원 나의 반지름의 $2$배입니다. 원 가의 지름이 $40 cm$일 때, 원 나의 반지름은 몇 $cm$입니까?"
정사각형의 성질 알아보기,P4,2,04,2,1,P4_2_04_00042_92190.png,1,네 변의 합이 $72cm$인 정사각형이 있습니다. 이 정사각형의 한 변은 몇 $cm$입니까?
수직,P4,2,04,2,0,P4_2_04_00043_51945.png,1,한 직선에 그을 수 있는 수선은 모두 몇 개입니까?
원 그리기,P3,2,03,2,1,P3_2_03_00043_53368.png,1,컴퍼스를 사용하여 반지름이 $5 cm$인 원을 그리려고 합니다. 컴퍼스를 몇 $cm$가 되도록 벌려야 합니까?
정사각형의 특징 알아보기,P3,1,02,2,1,P3_1_02_00043_35180.png,1,네 변의 합이 $32cm$인 정사각형의 한 변은 몇 $cm$입니까?
정사각형의 특징 알아보기,P3,1,02,2,1,P3_1_02_00043_34737.png,1,"길이가 $160 \mathrm{~cm}$ 인 철사를 이용하여 가로가 $8 \mathrm{~cm}$, 세로가 $4 \mathrm{~cm}$ 인 직사각형 모양과 한 변의 길이가 $5 \mathrm{~cm}$ 인 정사각형 모양을 최대한 많이 번갈아 가며 만들었습니다. 직사각형은 몇 개까지 만들 수 있고, 남은 철사의 길이는 몇 $\mathrm{cm}$입니까?"
두 각도의 차 구하기,P4,1,02,2,1,P4_1_02_00042_31027.png,1,계산을 하시오.  ($1$) $55\degree+190\degree$ ($2$) $90\degree+80\degree$ ($3$) $300\degree-180\degree$ ($4$) $270\degree-145\degree$
정사각형의 특징 알아보기,P3,1,02,2,1,P3_1_02_00042_25467.png,1,태호는 철사로 한 변의 길이가 $8$ cm인 정사각형을 만들려고 합니다. 필요한 철사의 길이는 몇$ cm$입니까?
원 그리기,P3,2,03,2,0,P3_2_03_00043_53340.png,1,"알맞은 말에 $\bigcirc$표 하시오.  한 원에서 반지름은 모두 ( 같습, 다릅 )니다."
두 각도의 차 구하기,P4,1,02,2,1,P4_1_02_00042_30132.png,1,$\square$ 안에 알맞은 각도를 써넣으시오. (1) $ 45^{\circ}+80^{\circ}= \square$ (2) $ 125^{\circ}+70^{\circ}= \square $ (3) $ 150^{\circ}-60^{\circ}= \square$ (4) $ 180^{\circ}-95^{\circ}= \square $
직사각형의 특징 알아보기,P3,1,02,2,1,P3_1_02_00043_34685.png,1,한 변이 $25  \mathrm{~cm} $이고 다른 한 변이 $11  \mathrm{~cm} $인 직사각형의 네 변의 길이의 합은 몇$ \mathrm{~cm} $입니까?
예각과 둔각 알아보기,P4,1,02,2,1,P4_1_02_00043_37167.png,1,"민호는 희정이와 $12$시에 공원에서 만나기로 약속하였으나 차가 밀려 $20$분 늦게 도착하였습니다. 물음에 답하시오.  ⑴ 민호가 도착한 시각은 몇 시 몇 분입니까? ⑵ ⑴의 시각에 시계의 긴바늘과 짧은 바늘이 이루는 작은 쪽의 각은 예각, 직각, 둔각 중 무엇입니까?"
예각과 둔각 알아보기,P4,1,02,2,0,P4_1_02_00043_37129.png,1,"시계의 긴바늘과 짧은바늘이 이루는 작은 쪽의 각이 예각, 직각, 둔각 중 어느 것인지 쓰시오.⑴ $8$시 $10$분⑵ $6$시 $40$분"
예각과 둔각 알아보기,P4,1,02,2,1,P4_1_02_00042_83937.png,1,주어진 각이 예각인지 둔각인지 쓰시오. ($1$) $100\degree$ ($2$) $40\degree$ ($3$) $168\degree$
각도를 나타내는 단위 알아보기,P4,1,02,2,0,P4_1_02_00042_28157.png,1,각도기에서 작은 눈금 한 칸은 몇 도를 나타냅니까?
원 그리기,P3,2,03,2,0,P3_2_03_00043_53373.png,1,"다음은 원을 그리는 방법을 순서대로 쓴 것입니다. $\square$ 안에 알맞은 말을 써넣으시오. ① 원의 $\square$이 되는 점을 정합니다.② 컴퍼스를 원의 $\square$이 되도록 벌립니다.③$\square$ 을 원의 중심에 꽂고, 원을 그립니다."
지름의 성질 알아보기,P3,2,03,2,0,P3_2_03_00043_53504.png,1,원의 지름에 대한 설명으로 옳은 것을 찾아 기호를 쓰시오. ㉠ 한 원에서 가장 짧은 선분입니다.㉡ 원 위의 두 점을 이은 선분 중에서 원의 중심을 지나는 선분입니다.
예각과 둔각 알아보기,P4,1,02,2,1,P4_1_02_00042_28285.png,1,"준형이는 $7$시 $40$분에 아침 운동을 시작하여 $1$시간 $25$분 동안 했습니다. 준형이가 아침 운동을 끝낸 시각을 시계에 나타낼 때, 시침과 분침이 이루는 작은 쪽의 각은 예각입니까, 둔각입니까?"
삼각형을 각의 크기에 따라 분류하기,P4,2,02,2,0,P4_2_02_00042_30395.png,1,삼각형을 그려 보시오. (1) 예각삼각형(2) 둔각삼각형
예각과 둔각 알아보기,P4,1,02,2,1,P4_1_02_00042_31083.png,1,"민형이는 $8$시 $10$분에 아침 운동을 시작하여 $1$시간 $15$분 동안 했습니다. 민형이가 아침 운동을 끝낸 시각을 시계에 나타낼 때, 시침과 분침이 이루는 작은 쪽의 각은 예각입니까, 둔각입니까?"
지름의 성질 알아보기,P3,2,03,2,1,P3_2_03_00043_53723.png,1,"바닥의 가로가 $12 cm$, 세로가 $8 cm$인 직사각형 모양의 상자에 반지름이 $2 cm$인 원 모양의 초콜릿을 겹치지 않게 넣으려고 합니다. 상자의 바닥에 놓을 수 있는 초콜릿은 최대 몇 개입니까?"
두 각도의 차 구하기,P4,1,02,2,1,P4_1_02_00042_28204.png,1,각도의 차를 계산하시오. (1) $ 80^{\circ}-20^{\circ} $ (2) $ 110^{\circ}-70^{\circ} $ (3) $ 270^{\circ}-190^{\circ} $ (4) $ 360^{\circ}-135 $
정사각형의 특징 알아보기,P3,1,02,2,1,P3_1_02_00042_25228.png,1,한 변이 $ 8 \mathrm{~cm} $인 정사각형의 네 변의 합은 몇 $ \mathrm{~cm} $인지 풀이 과정을 쓰고 답을 구하시오.
마름모의 성질 알아보기,P4,2,04,2,1,P4_2_04_00042_55034.png,1,길이가 $1$m인 철사를 이용하여 한 변이 $16$ cm인 마름모를 만들었습니다. 남은 철사의 길이는 몇 cm입니까?
두 각도의 차 구하기,P4,1,02,2,1,P4_1_02_00042_29569.png,1,"$\bigcirc $ 안에 >, =, <를 알맞게 써넣으시오.  (1) $85\degree$+$65\degree \bigcirc 200\degree-50\degree$  (2) $70\degree$+$35\degree \bigcirc 180\degree-90\degree$"
두 각도의 차 구하기,P4,1,02,2,1,P4_1_02_00042_30162.png,1,각도의 합과 차를 계산하시오. (1) $ 60^{\circ}+30^{\circ} $ (2) $ 25^{\circ}+85^{\circ} $ (3) $ 95^{\circ}-40^{\circ} $ (4) $ 150^{\circ}-75^{\circ} $
정사각형의 특징 알아보기,P3,1,02,2,0,P3_1_02_00042_25218.png,1,"알맞은 말에 $\bigcirc$표 하시오. (1) 직사각형은 정사각형이라고 할 수 ( 있습니다, 없습니다 ). (2) 정사각형은 직사각형이라고 할 수 ( 있습니다, 없습니다 )."
두 각도의 합 구하기,P4,1,02,2,1,P4_1_02_00042_30169.png,1,$\square$ 안에 알맞은 각도를 써넣으시오.$180°+55°=\square$
둔각삼각형 알아보기,P4,2,02,2,1,P4_2_02_00042_30375.png,1,"두 각의 크기가 다음과 같은 삼각형은 예각삼각형인지, 둔각삼각형인지 쓰시오. ($1$) $55\degree, 50\degree$ ($2$) $20\degree, 50\degree$"
정사각형의 특징 알아보기,P3,1,02,2,1,P3_1_02_00043_34719.png,1,"철사를 사용하여 한 변의 길이가 $9cm$인 정사각형을 만들었습니다. 이 철사를 펴서 모두 사용하여 가로가 $14cm$인 직사각형 1개를 만들 때, 이 직사각형의 세로는 몇 $cm$입니까?"
두 각도의 차 구하기,P4,1,02,2,1,P4_1_02_00042_83894.png,1,계산을 하시오.  (1) $ 25^{\circ}+45^{\circ} $ (2) $ 180^{\circ}+80^{\circ} $ (3) $ 200^{\circ}-40^{\circ} $ (4) $ 345^{\circ}-90^{\circ} $
원의 반지름과 지름 알아보기,P3,2,03,2,0,P3_2_03_00043_53277.png,1,한 원에는 원의 중심이 몇 개 있습니까?
원의 반지름과 지름 알아보기,P3,2,03,2,0,P3_2_03_00043_53262.png,1,$\square$ 안에 알맞은 말을 써넣으시오.원의 중심과 원 위의 한 점을 이은 선분을 원의 $\square$이라고 합니다.
마름모의 성질 알아보기,P4,2,04,2,1,P4_2_04_00042_93058.png,1,마름모의 네 변의 합은 $56cm$입니다. 한 변은 몇 $cm$입니까?
예각과 둔각 알아보기,P4,1,02,2,1,P4_1_02_00042_30353.png,1,주어진 각이 예각인지 둔각인지 쓰시오. (1) $70$° (2) $150$° (3) $95$°
마름모의 성질 알아보기,P4,2,04,2,1,P4_2_04_00043_54214.png,1,네 변의 합이 $ 100 \mathrm{~cm} $인 마름모의 한 변은 몇 $\mathrm{~cm}$ 입니까?
삼각형에서 나머지 한 각의 크기 구하기,P4,1,02,2,1,P4_1_02_00042_28332.png,1,한 각의 크기가 $50$°인 삼각형이 있습니다. 나머지 두 각의 크기의 합은 얼마입니까? ( )˚
두 각도의 차 구하기,P4,1,02,2,1,P4_1_02_00042_28231.png,1,각도의 차를 계산하시오. (1) $ 98^{\circ}-45^{\circ} $ (2) $ 180^{\circ}-125^{\circ} $ (3) $ 270^{\circ}-75^{\circ} $ (4) $ 360^{\circ}-150^{\circ} $
두 각도의 차 구하기,P4,1,02,2,1,P4_1_02_00043_37274.png,1,두 각도의 합과 차를 구하시오. (1) $180^{\circ}+175^{\circ}$ (2) $310^{\circ}-125^{\circ}$
정사각형의 특징 알아보기,P3,1,02,2,1,P3_1_02_00042_25674.png,1,"지윤이는 한 변의 길이가 $12 cm$인 정사각형 모양의 종이를 잘라서 긴 변의 길이가 $8 cm$이고, 짧은 변의 길이가 $2 cm$인 직사각형 모양의 띠를 최대한 많이 만들었더니 정사각형 모양의 종이가 한 장 남았다고 합니다. 남은 종이의 한 변의 길이는 몇 $cm$입니까?"
직사각형의 성질 알아보기,P4,2,04,2,1,P4_2_04_00042_92522.png,1,"길이가 $19  \mathrm{~cm} ,12  \mathrm{~cm} $인 수수깡이 각각 $2$개씩 있습니다. 이 수수깡 $4$개를 사용하여 만들 수 있는 사각형의 이름을 모두 쓰시오."
직사각형의 특징 알아보기,P3,1,02,2,1,P3_1_02_00043_00047.png,1,"네 변의 길이의 합이 $40  \mathrm{~cm} $이고, 가로가 $12  \mathrm{~cm} $인 직사각형이 있습니다. 이 직사각형의 세로는 몇$ \mathrm{~cm} $입니까?"
각도를 나타내는 단위 알아보기,P4,1,02,2,1,P4_1_02_00043_37087.png,1,$\square$ 안에 알맞게 써넣으시오. ⑴ 각의 크기를 $\square$라고 합니다. ⑵ 직각을 똑같이 $90$으로 나눈 하나를 $\square$라 하고 $\square$라고 씁니다. ⑶ 직각은 $\square$입니다.
예각과 둔각 알아보기,P4,1,02,2,1,P4_1_02_00042_99001.png,1,"지금 시각은 $5$시 $15$분입니다. 지금부터 $200$분 후에 시계의 두 바늘이 이루는 작은 쪽의 각은 예각, 직각, 둔각 중에서 어느 것입니까?"
예각삼각형 알아보기,P4,2,02,2,0,P4_2_02_00042_28773.png,1,세 변으로 둘러싸여 있으며 세 각의 크기가 모두  $90° $보다 작은 도형을 무엇이라고 합니까?
삼각형을 각의 크기에 따라 분류하기,P4,2,02,2,1,P4_2_02_00042_99037.png,1,"삼각형의 세 각 중에서 두 각의 크기를 나타낸 것입니다. 이 삼각형의 나머지 한 각의 크기를 구하고, 예각삼각형, 직각삼각형, 둔각삼각형 중에서 어떤 삼각형인지 쓰시오.  $ 30^{\circ}  45^{\circ} $"
두 각도의 차 구하기,P4,1,02,2,1,P4_1_02_00043_37315.png,1,"각의 크기를 비교하여 $\bigcirc$ 안에 $>,=,<$를 알맞게 써넣으시오. ⑴ $45^{\circ}+120^{\circ} \bigcirc 220^{\circ}-50^{\circ}$ ⑵ $360^{\circ}-115^{\circ} \bigcirc 150^{\circ}+95^{\circ}$"
정사각형의 특징 알아보기,P3,1,02,2,1,P3_1_02_00042_25226.png,1,길이가 $28 cm$인 철사로 가장 큰 정사각형을 만들려고 합니다. 한 변은 몇 $cm$로 해야 합니까?
정사각형의 성질 알아보기,P4,2,04,2,0,P4_2_04_00043_54303.png,1,"직사각형과 정사각형에 대한 설명입니다. 옳은 것은 $\bigcirc$표, 틀린 것은 ×표 하시오.(1) 직사각형은 마주 보는 각의 크기가 같습니다.(2) 직사각형은 네 변의 길이가 모두 같습니다.(3) 정사각형은 마주 보는 한 쌍의 변만 서로 평행합니다.(4) 정사각형은 네 각의 크기가 모두 같습니다."
원 그리기,P3,2,03,2,0,P3_2_03_00042_53264.png,1,"컴퍼스를 사용하여 원을 그릴 때, 컴퍼스의 침을 어디에 꽂아야 합니까?"
정사각형의 특징 알아보기,P3,1,02,2,1,P3_1_02_00043_34741.png,1,"철사로 직사각형을 만들었습니다. 직사각형의 서로 다른 두 변의 길이는 $ 4\mathrm{cm} $ 차이가 나고, 이 철사를 펴서 한 변의 길이가 $ 6\mathrm{cm} $인 정사각형을 만들면 $4 \mathrm{cm} $가 남습니다. 직사각형의 긴 변의 길이는 몇 $ \mathrm{cm} $입니까?"
직각삼각형 알아보기,P3,1,02,2,0,P3_1_02_00042_25142.png,1,다음에서 설명하는 도형의 이름을 쓰시오.  · 3개의 선분으로 둘러싸여 있습니다.  · 세 각 중에서 한 각은 직각입니다.
예각과 둔각 알아보기,P4,1,02,2,1,P4_1_02_00043_37690.png,1,"영진이는 가족들과 우리나라보다 $4$시간 늦은 시각을 사용하는 몰디브로 여행을 갔습니다. 영진이의 시계는 우리나라와 같게, 형의 시계는 몰디브와 같게 시각을 맞추었습니다. 두 시계 모두 긴바늘이 숫자 $12$를 가리키고 있고 긴바늘과 짧은바늘이 이루는 작은 쪽의 각은 예각입니다. 형의 시계가 가리키는 시각은 몇 시입니까?"
두 각도의 차 구하기,P4,1,02,2,1,P4_1_02_00042_28210.png,1,"$\bigcirc$ 안에 >, =, <를 알맞게 써넣으시오. (1) $ 45^{\circ}+60^{\circ}  \bigcirc  170^{\circ}-40^{\circ} $ (2) $ 90^{\circ}+25^{\circ}  \bigcirc  180^{\circ}-100^{\circ} $"
직사각형과 정사각형의 성질 활용,P4,2,04,2,0,P4_2_04_00042_55811.png,1,"알맞은 말에 $\bigcirc$표 하시오.  (1) 평행사변형은 (사다리꼴입니다. , 사다리꼴이 아닙니다.)  (2) 직사각형은 (정사각형입니다. , 정사각형이 아닙니다.)"
삼각형에서 나머지 한 각의 크기 구하기,P4,1,02,2,1,P4_1_02_00042_28054.png,1,"삼각형에서 한 각의 크기가 $115^{\circ}$일 때, 나머지 두 각의 크기의 합을 구하시오."
두 각도의 차 구하기,P4,1,02,2,1,P4_1_02_00042_30138.png,1,$\square$ 안에 알맞은 각도를 써넣으시오.(1) $45°+55°=\square$  (2) $140°-84°=\square$ (3) 직각$+60°= \square$(4) $270°-210°=\square$
직사각형의 특징 알아보기,P3,1,02,2,1,P3_1_02_00042_25529.png,1,"직사각형 모양의 도화지가 있습니다. 이 도화지의 둘레는 $ 72 \mathrm{~cm} $ 이고, 가로는 세로의 $3$ 배라고 합니다. 이 도화지의 가로는 몇 $  \mathrm{~cm} $ 입니까?"
직사각형의 특징 알아보기,P3,1,02,2,0,P3_1_02_00042_83859.png,1,( ) 안에 알맞은 말을 써넣으시오.  네 각이 모두 ( )인 사각형을 직사각형이라고 합니다.
정사각형의 특징 알아보기,P3,1,02,2,1,P3_1_02_00043_34726.png,1,"형주네 반에서 미술 시간에 가로가 $40cm$, 세로가 $56cm$인 직사각형 모양의 색 도화지를 한 변의 길이가 $8cm$인 정사각형 모양으로 잘라서 남김없이 학생들에게 한 개씩 나누어 주었습니다. 남아 있는 색 도화지가 없다면 형주네 반 학생은 모두 몇 명입니까?"
지름의 성질 알아보기,P3,2,03,2,1,P3_2_03_00043_53706.png,1,한 변의 길이가 $18 $cm인 정사각형이 있습니다. 이 정사각형 안에 그릴 수 있는 가장 큰 원의 반지름은 몇 $cm$입니까?
직사각형의 특징 알아보기,P3,1,02,2,1,P3_1_02_00042_84239.png,1,"어떤 직사각형의 네 변의 합은 $54 cm$이고, 가로는 세로의 $2$배라고 합니다. 이 직사각형의 가로는 몇 $cm$입니까?"
예각삼각형 알아보기,P4,2,02,2,0,P4_2_02_00042_83943.png,1,"세 각의 크기가 $35°,60°,85°$인 삼각형이 있습니다. 이 삼각형은 예각삼각형입니까, 둔각삼각형입니까?"
직각삼각형 알아보기,P3,1,02,2,0,P3_1_02_00042_83853.png,1,( ) 안에 알맞은 말을 써넣으시오. 삼각형의 세 각 중에서 ( ) 각이 직각이면 직각삼각형이라고 합니다.
정사각형의 특징 알아보기,P3,1,02,2,1,P3_1_02_00043_34707.png,1,철사를 모두 사용하여 한 변의 길이가 $12cm$이고 세 변의 길이가 모두 같은 삼각형을 한 개 만들었습니다. 이 철사로 가장 큰 정사각형을 만든다면 정사각형의 한 변의 길이는 몇$cm$입니까?
원을 이용하여 여러 가지 모양 그리기,P3,2,03,2,1,P3_2_03_00042_54196.png,1,한 변이 $ 12 \mathrm{~cm} $ 인 정사각형 안에 지름이 $ 3 \mathrm{~cm} $ 인 원을 겹치지 않게 최대한 몇 개 그릴 수 있습니까?
두 각도의 차 구하기,P4,1,02,2,1,P4_1_02_00042_28279.png,1,"계산 결과가 예각인 경우에는 ‘예’, 둔각인 경우에는 ‘둔’이라고 쓰시오.  (1) $180\degree-35\degree()$ (2) $18\degree+65\degree()$ (3) 직각$-15\degree()$"
예각삼각형 알아보기,P4,2,02,2,0,P4_2_02_00043_37458.png,1,"세 각이 다음과 같은 삼각형이 있습니다. 예각삼각형, 직각삼각형, 둔각삼각형 중 어떤 삼각형입니까?  30° 85° 65°"
각도기를 이용하여 각도 재기,P4,1,02,2,0,P4_1_02_00042_28131.png,1,"시계의 분침이 숫자 $12$를 가리킬 때, 시침과 분침이 이루는 각도가 $90°$인 경우는 몇 시와 몇 시입니까?"
각도를 나타내는 단위 알아보기,P4,1,02,2,0,P4_1_02_00042_30089.png,1,$\square$ 안에 알맞은 것을 써넣으시오. (1) 각의 크기를 $ \square $ 라고 합니다. (2) 직각은 $ \square $ 입니다. (3) 직각을 똑같이 $90$ 으로 나눈 하나를 $ \square $  라고 씁니다.
삼각형의 변의 길이에 따라 분류하기,P4,2,02,2,1,P4_2_02_00043_37705.png,1,"길이가  $ 72 \mathrm{~cm} $ 인 철사가 있습니다. 이 철사를 겹치지 않게 이어서 가장 큰 정삼각형을 만들 때, 한 변의 길이는 몇 $ \mathrm{cm} $ 입니까?"
예각과 둔각 알아보기,P4,1,02,2,0,P4_1_02_00042_30357.png,1,"시계가 $6$시 $ 50$분을 가리킬 때, 시계의 두 바늘이 이루는 작은 쪽의 각은 예각, 직각, 둔각 중 어느 것입니까?"
예각과 둔각 알아보기,P4,1,02,2,1,P4_1_02_00042_28698.png,1,"$12$시 $30$분에서 $3$시간이 지난 후 시계의 시침과 분침이 이루는 작은 쪽의 각은 예각, 직각, 둔각 중 어느 것입니까?"
원 그리기,P3,2,03,2,0,P3_2_03_00042_54114.png,1,컴퍼스를 사용하여 반지름이 $1$cm $5$mm인 원을 그려 보시오.
마름모의 성질 알아보기,P4,2,04,2,1,P4_2_04_00042_55799.png,1,한 변의 길이가 $8cm$인 마름모의 둘레는 몇 $cm$입니까?
정사각형의 특징 알아보기,P3,1,02,2,1,P3_1_02_00042_83873.png,1,한 변이 $ 9 \mathrm{~cm} $ 인 정사각형의 네 변의 합은 몇 $  \mathrm{~cm} $ 입니까?
두 각도의 차 구하기,P4,1,02,2,1,P4_1_02_00042_83469.png,1,"$\bigcirc$안에 >, =, <를 알맞게 써넣으시오.$180\degree$-$55\degree \bigcirc 90\degree$+$30\degree$"
원의 반지름과 지름 알아보기,P3,2,03,2,0,P3_2_03_00043_53244.png,1,원에는 중심이 몇 개 있습니까?
직사각형의 특징 알아보기,P3,1,02,2,1,P3_1_02_00042_25556.png,1,가로의 길이가 $ 10 \mathrm{~cm} $인 직사각형의 네 변의 길이의 합은 $ 30 \mathrm{~cm} $입니다. 세로의 길이는 몇 $ \mathrm{~cm} $ 입니까?
두 각도의 차 구하기,P4,1,02,2,1,P4_1_02_00042_28213.png,1,각도가 작은 것부터 차례로 기호를 쓰시오. $㉠ 57°+92° ㉡ 180°-30° ㉢ 40°+90° ㉣ 270°-125°$
예각과 둔각 알아보기,P4,1,02,2,0,P4_1_02_00042_30340.png,1,"시계가 다음과 같은 시각을 가리킬 때, 시침과 분침이 이루는 작은 쪽의 각을 예각, 직각, 둔각으로 구분하여 보시오.  (1) $5$시 $40$분  (2) $ 7$시 $15$분"
정사각형의 특징 알아보기,P3,1,02,2,1,P3_1_02_00043_34708.png,1,"가로가 $6cm$, 세로가 $4cm$인 색종이를 겹치는 부분 없이 이어서 가장 작은 정사각형 모양을 만들려고 합니다. 만든 정사각형의 한 변의 길이는 몇 $cm$가 되겠습니까?"
평행사변형 알아보기,P4,2,04,2,0,P4_2_04_00043_54011.png,1,평행사변형이 사다리꼴인 이유를 쓴 것입니다. $ \square $ 안에 알맞은 말을 써넣으시오. 평행사변형은 마주 보는 두 쌍의 변이 $\square$하므로 사다리꼴입니다.
예각과 둔각 알아보기,P4,1,02,2,0,P4_1_02_00042_99019.png,1,"시계가 $4$시 $30$분을 가리킬 때 긴바늘과 짧은바늘이 이루는 작은 쪽의 각은 예각, 직각, 둔각 중에서 어떤 각입니까?"
예각과 둔각 알아보기,P4,1,02,2,0,P4_1_02_00043_37186.png,1,"시계가 $6$시 $10$분을 나타낼 때 긴바늘과 짧은 바늘이 이루는 작은 쪽의 각은 예각, 직각, 둔각 중 무엇입니까?"
정사각형의 특징 알아보기,P3,1,02,2,1,P3_1_02_00043_34713.png,1,"용재는 한 변에  $2 \mathrm{~m}$ 간격으로 $6$개의 말뚝을 세워서 정사각형 모양의 꽃밭을 만들었습니다. 용재가 세운 말뚝의 수와 꽃밭의 네 변의 길이의 합을 구하시오. (다만, 정사각형의 네 꼭짓점에는 반드시 말뚝을 세웁니다.)"
삼각형의 변의 길이에 따라 분류하기,P4,2,02,2,1,P4_2_02_00043_37527.png,1,길이가 $27$cm인 철사를 남기거나 겹치는 부분이 없도록 구부려서 정삼각형 한 개를 만들었습니다. 정삼각형의 한 변의 길이는 몇 cm입니까?
예각과 둔각 알아보기,P4,1,02,2,0,P4_1_02_00042_84328.png,1,"시계에 주어진 시각을 나타내었을 때, 긴바늘과 짧은바늘이 이루는 작은 쪽의 각을 예각, 직각, 둔각으로 구분하여 쓰시오. (1) $5$시 (2) $9$시 (3) $1$시 $20$분"
두 각도의 차 구하기,P4,1,02,2,1,P4_1_02_00042_33176.png,1,$\square$ 안에 알맞은 각도를 써넣으시오.  (1) $180\degree+55\degree= \square$   (2) $270\degree - \square =127\degree$
사각형의 나머지 한 각의 크기,P4,1,02,2,1,P4_1_02_00042_28428.png,1,"사각형의 네 각 중에서 크기가 가장 큰 각은 $120\degree$, 크기가 가장 작은 각은 $60\degree$입니다. 나머지 두 각의 크기의 차가 $20\degree$일 때, 두 각 중에서 더 큰 각의 크기를 구하시오."
정사각형의 특징 알아보기,P3,1,02,2,0,P3_1_02_00042_83866.png,1,( ) 안에 알맞은 말을 써넣으시오. 네 각이 모두 ( )이고 네 변이 모두 같은 사각형을 ( )이라고 합니다.
정사각형의 특징 알아보기,P3,1,02,2,1,P3_1_02_00043_34732.png,1,"가로가 $ 120 \mathrm{~cm} $, 세로가 $ 60 \mathrm{~cm} $ 인 직사각형 모양의 나무판에 한 변이 $ 12 \mathrm{~cm} $ 인 정사각형 모양의 사진을 겹치지 않게 이어 붙이려고 합니다. 필요한 사진은 모두 몇 장입니까?"
예각과 둔각 알아보기,P4,1,02,2,0,P4_1_02_00042_83939.png,1,"손하가 $35$분 동안 피아노 연습을 한 후 시계를 보니 $2$시 $30$분이었습니다. 손하가 피아노 연습을 시작한 시각을 시계에 나타낼 때, 시침과 분침이 이루는 작은 쪽의 각은 예각, 직각, 둔각 중에서 어느 것입니까?"
두 각도의 차 구하기,P4,1,02,2,1,P4_1_02_00042_99017.png,1,예각을 모두 찾아 기호를 쓰시오.  ㉠ $ 25^{\circ}+55^{\circ} $  ㉡ 직각 ㉢ $ 180^{\circ}-110^{\circ} $  ㉣ $ 120^{\circ} $
삼각형을 각의 크기에 따라 분류하기,P4,2,02,2,0,P4_2_02_00043_37465.png,1,"삼각형의 두 각의 크기를 나타낸 것입니다. 이 삼각형은 예각삼각형, 직각삼각형, 둔각삼각형 중에서 어떤 삼각형입니까?  39° 55°"
직사각형의 특징 알아보기,P3,1,02,2,1,P3_1_02_00042_25280.png,1,"길이가 $ 28 \mathrm{~cm} $ 인 철사를 남김없이 사용하여 직사각형을 만들었습니다. 가로가 $ 8 \mathrm{~cm} $ 라면, 세로는 몇 $  \mathrm{cm} $입니까?"
정사각형의 특징 알아보기,P3,1,02,2,1,P3_1_02_00042_33429.png,1,길이가 $32cm$인 철사를 남김없이 모두 사용하여 정사각형 모양을 만들려고 합니다. 정사각형 모양의 한 변을 몇 $cm$로 하면 됩니까?
두 각도의 차 구하기,P4,1,02,2,1,P4_1_02_00043_37253.png,1,두 각도의 합과 차를 구하시오. ⑴ $135^{\circ}+80^{\circ}$ ⑵ $145^{\circ}-105^{\circ}$
마름모의 성질 활용,P4,2,04,2,1,P4_2_04_24886_75865.png,2,길이가 $52 cm$인 실을 겹치지 않게 모두 사용하여 마름모를 한 개 만들었습니다. 만들어진 마름모의 한 변의 길이는 몇 $cm$인지 구해 보세요.
이등변삼각형의 성질,P4,2,02,2,1,P4_2_02_39890_155810.png,2,세 변의 길이의 합이 $28$ cm인 이등변삼각형이 있습니다. 이 삼각형의 한 변의 길이는 $8$ cm입니다. 나머지 두 변의 길이가 될 수 있는 것을 모두 구해 보세요.
평행사변형의 성질 활용,P4,2,04,2,1,P4_2_04_33259_129081.png,2,"길이가 $80$ $cm$인 리본을 사용하여 긴 변이 $21$ $cm$, 짧은 변이 $15 cm$인 평행사변형 한 개를 겹치는 부분 없이 만들었습니다. 만들고 남은 리본은 몇 $cm$인지 구해 보세요.  (1) 평행사변형을 만드는 데 사용한 리본은 몇 $cm$인지 구해 보세요.  (2) 평행사변형을 만들고 남은 리본은 몇 $cm$인지 구해 보세요."
정삼각형의 성질,P4,2,02,2,1,P4_2_02_24528_73958.png,2,길이가 $39 cm$인 철사로 만들 수 있는 가장 큰 정삼각형의 한 변의 길이는 몇 $cm$인가요?
지름과 반지름 사이의 관계 알아보기,P3,2,03,2,1,P3_2_03_23905_69956.png,2,지름이 $20 cm$인 원의 반지름은 몇 $mm$인지 구해 보세요.
평행사변형의 성질 활용,P4,2,04,2,1,P4_2_04_33259_129078.png,2,"길이가 $72 cm$인 리본을 사용하여 짧은 변이 $13 cm$, 긴 변이 $17 cm$인 평행사변형 한 개를 겹치는 부분 없이 만들었습니다. 만들고 남은 리본은 몇 $cm$인지 구해 보세요. (1) 평행사변형을 만드는 데 사용한 리본은 몇 $cm$인지 구해 보세요.  (2) 평행사변형을 만들고 남은 리본은 몇 $cm$인지 구해 보세요."
각의 크기에 따라 분류하기,P4,1,02,2,1,P4_1_02_26187_161023.png,2,오후 $1$ 시 $30 $분 부터 오후 $5$ 시까지 긴바늘이 숫자 $12$를 가리키는 시각 중에서 긴바늘과 짧은바늘이 이루는 작은 쪽의 각이 둔각인 경우는 모두 몇 번인지 구해 보세요.
마름모의 성질 활용,P4,2,04,2,1,P4_2_04_24886_75869.png,2,길이가 $76 cm$인 실을 겹치지 않게 모두 사용하여 마름모를 한 개 만들었습니다. 만들어진 마름모의 한 변의 길이는 몇 cm인지 구해 보세요.
각의 크기에 따른 분류,P4,1,02,2,1,P4_1_02_41502_161156.png,2,"매시간 정각에 긴바늘과 짧은바늘이 이루는 작은 쪽의 각이 예각이면 종이 $3$ 번, 직각이면 $2$ 번, 둔각이면 $1$ 번 울리는 시계가 있습니다. 오후 $2$ 시 $30$ 분부터 오후 $5$ 시 $30$ 분까지 종이 몇 번 울리는지 구해 보세요."
정삼각형의 성질,P4,2,02,2,1,P4_2_02_24528_73955.png,2,길이가 $24 cm$인 철사로 만들 수 있는 가장 큰 정삼각형의 한 변의 길이는 몇 $cm$인가요?
원 그리기,P3,2,03,2,1,P3_2_03_23940_70056.png,2,지름이 $8 cm$인 원 안에 반지름이 $2 cm$인 원을 겹치지 않게 그리려고 합니다. 몇 개까지 그릴 수 있는지 구해 보세요.
직사각형과 정사각형,P3,1,02,2,1,P3_1_02_21368_54336.png,2,"가로가 $28{cm}$, 세로가 $17{cm}$인 직사각형 모양의 종이를 잘라서 가장 큰 정사각형을 만들었습니다. 남은 직사각형 모양 종이의 네 변의 길이의 합은 몇 $cm$인지 구해 보세요."
직사각형과 정사각형,P3,1,02,2,1,P3_1_02_25880_160935.png,2,"네 변의 길이의 합이 $26cm$ 인 직사각형의 짧은 변의 길이가 $5cm$일 때, 긴 변의 길이는 몇 $cm$인지 구해 보세요."
각의 크기에 따른 분류,P4,1,02,2,1,P4_1_02_41502_161149.png,2,"매시간 정각에 긴바늘과 짧은바늘이 이루는 작은 쪽의 각이 예각이면 종이 $1$ 번, 직각이면 $2$ 번, 둔각이면 $3$ 번 울리는 시계가 있습니다. 오전 $7$ 시 $30$ 분부터 오전 $11$ 시 $30$ 분까지 종이 몇 번 울리는지 구해 보세요."
직사각형과 정사각형,P3,1,02,2,1,P3_1_02_21367_54321.png,2,"철사를 남김없이 사용하여 가로가 $6cm$, 세로가 $12cm$인 직사각형을 만들었습니다. 이 철사를 다시 펴서 가장 큰 정사각형 $1$ 개를 만들 때, 이 정사각형의 한 변의 길이는 몇 $cm$인지 구해 보세요."
마름모의 성질 활용,P4,2,04,2,1,P4_2_04_24886_82272.png,2,길이가 $28 cm$인 실을 겹치지 않게 모두 사용하여 마름모를 한 개 만들었습니다. 만들어진 마름모의 한 변의 길이는 몇 $cm$인지 구해 보세요.
직사각형과 정사각형,P3,1,02,2,1,P3_1_02_25880_160934.png,2,"네 변의 길이의 합이 $26~cm$인 직사각형의 긴 변의 길이가 $10~ cm$일 때, 짧은 변의 길이는 몇 $cm$인지 구해 보세요."
직사각형과 정사각형,P3,1,02,2,1,P3_1_02_25880_135585.png,2,"네 변의 길이의 합이 $34cm$인 직사각형의 긴 변의 길이가 $10cm$일 때, 짧은 변의 길이는 몇 $cm$인지 구해 보세요."
마름모의 성질 활용,P4,2,04,2,1,P4_2_04_24886_75866.png,2,길이가 $36 cm$인 털실을 겹치지 않게 모두 사용하여 마름모를 한 개 만들었습니다. 만들어진 마름모의 한 변의 길이는 몇 $cm$인지 구해 보세요.
정삼각형의 성질,P4,2,02,2,1,P4_2_02_24528_73960.png,2,길이가 $48 cm$인 철사로 만들 수 있는 가장 큰 정삼각형의 한 변의 길이는 몇 $cm$ 인가요?
원 그리기,P3,2,03,2,1,P3_2_03_23949_69604.png,2,광우가 지름이 $16 cm$인 원을 그리려고 합니다. 컴퍼스의 침과 연필심 사이의 길이는 몇 $ cm$로 해야 하는지 구해 보세요.
각의 크기에 따라 분류하기,P4,1,02,2,1,P4_1_02_26187_161022.png,2,오후 $1$ 시부터 오후 $4$ 시 $30$분까지 긴바늘이 숫자 $12$를 가리키는 시각 중에서 긴바늘과 짧은바늘이 이루는 작은 쪽의 각이 둔각인 경우는 모두 몇 번인지 구해 보세요.
마름모의 성질 활용,P4,2,04,2,1,P4_2_04_24886_75868.png,2,길이가 $64 cm$인 철사를 겹치지 않게 모두 사용하여 마름모를 한 개 만들었습니다. 만들어진 마름모의 한 변의 길이는 몇 $cm$인지 구해 보세요.
지름과 반지름 사이의 관계 알아보기,P3,2,03,2,1,P3_2_03_23905_82678.png,2,지름이 $6 cm$인 원의 반지름은 몇 $mm$인지 구해 보세요.
직사각형과 정사각형,P3,1,02,2,1,P3_1_02_21367_54324.png,2,"철사를 남김없이 사용하여 가로가 $18cm$, 세로가 $10cm$인 직사각형을 만들었습니다. 이 철사를 다시 펴서 가장 큰 정사각형 $1$ 개를 만들 때, 이 정사각형의 한 변의 길이는 몇 $cm$인지 구해 보세요."
원 그리기,P3,2,03,2,1,P3_2_03_23949_69600.png,2,영주가 지름이 $8 cm$인 원을 그리려고 합니다. 컴퍼스의 침과 연필심 사이의 길이는 몇 $cm$로 해야 하는지 구해 보세요.
평행사변형의 성질 활용,P4,2,04,2,1,P4_2_04_33259_129079.png,2,"길이가 $60 cm$인 끈을 사용하여 짧은 변이 $9 cm$, 긴 변이 $14 cm$인 평행사변형 한 개를 겹치는 부분 없이 만들었습니다. 만들고 남은 끈은 몇 $cm$인지 구해 보세요. (1) 평행사변형을 만드는 데 사용한 끈은 몇 $cm$인지 구해 보세요. (2) 평행사변형을 만들고 남은 끈은 몇 $cm$인지 구해 보세요."
각의 크기에 따른 분류,P4,1,02,2,1,P4_1_02_41502_161152.png,2,"매시간 정각에 긴바늘과 짧은바늘이 이루는 작은 쪽의 각이 예각이면 종이 $3$ 번, 직각이면 $2$ 번, 둔각이면 $1$ 번 울리는 시계가 있습니다. 오후 $8$ 시 $30$ 분부터 오후 $11$ 시 $30$ 분까지 종이 몇 번 울리는지 구해 보세요."
직사각형과 정사각형,P3,1,02,2,1,P3_1_02_25880_135580.png,2,"네 변의 길이의 합이 $22$ cm인 직사각형의 긴 변의 길이가 $7$ cm일 때, 짧은 변의 길이는 몇 $cm$인지 구해 보세요."
이등변삼각형의 성질,P4,2,02,2,1,P4_2_02_39890_155812.png,2,세 변의 길이의 합이 $26$ $cm$인 이등변삼각형이 있습니다. 이 삼각형의 한 변의 길이는 $8$ $cm$입니다. 나머지 두 변의 길이가 될 수 있는 것을 모두 구해 보세요.
정삼각형의 성질,P4,2,02,2,1,P4_2_02_24528_73957.png,2,길이가 $42 cm$인 철사로 만들 수 있는 가장 큰 정삼각형의 한 변의 길이는 몇 $cm$인가요?
지름과 반지름 사이의 관계 알아보기,P3,2,03,2,1,P3_2_03_23905_69954.png,2,지름이 $4 m$인 원의 반지름은 몇 $cm$인지 구해 보세요.
각의 크기에 따른 분류,P4,1,02,2,1,P4_1_02_41502_161151.png,2,"매시간 정각에 긴바늘과 짧은바늘이 이루는 작은 쪽의 각이 예각이면 종이 $3$ 번, 직각이면 $2$ 번, 둔각이면 $1$ 번 울리는 시계가 있습니다. 오전 $7$ 시 $30$ 분부터 오전 $10$ 시 $30$ 분까지 종이 몇 번 울리는지 구해 보세요."
"원의 중심, 반지름, 지름",P3,2,03,2,0,P3_2_03_23891_82251.png,2,가장 큰 원의 지름은 몇 $cm$인지 구해 보세요.
원 그리기,P3,2,03,2,1,P3_2_03_23949_69601.png,2,하나가 지름이 $10 cm$인 원을 그리려고 합니다. 컴퍼스의 침과 연필심 사이의 길이는 몇 $cm$로 해야 하는지 구해 보세요.
원 그리기,P3,2,03,2,1,P3_2_03_23949_69599.png,2,윤서가 지름이 $6 cm$인 원을 그리려고 합니다. 컴퍼스의 침과 연필심 사이의 길이는 몇 $cm$로 해야 하는지 구해 보세요.
직사각형과 정사각형,P3,1,02,2,1,P3_1_02_21367_54325.png,2,"철사를 남김없이 사용하여 가로가 $7cm$, 세로가 $15cm$인 직사각형을 만들었습니다. 이 철사를 다시 펴서 가장 큰 정사각형 $1$ 개를 만들 때, 이 정사각형의 한 변의 길이는 몇 cm인지 구해 보세요."
직사각형과 정사각형,P3,1,02,2,1,P3_1_02_21367_54326.png,2,"철사를 남김없이 사용하여 가로가 $5 cm$, 세로가 $13 cm$인 직사각형을 만들었습니다. 이 철사를 다시 펴서 가장 큰 정사각형 $1$ 개를 만들 때, 이 정사각형의 한 변의 길이는 몇 $cm$인지 구해 보세요."
직사각형과 정사각형,P3,1,02,2,1,P3_1_02_25880_160936.png,2,"네 변의 길이의 합이 $40cm$인 직사각형의 긴 변의 길이가 $12cm$일 때, 짧은 변의 길이는 몇 $cm$인지 구해 보세요."
원 그리기,P3,2,03,2,1,P3_2_03_23940_82687.png,2,지름이 $16 cm$인 원 안에 반지름이 $4 cm$인 원을 겹치지 않게 그리려고 합니다. 몇 개까지 그릴 수 있는지 구해 보세요.
이등변삼각형의 성질,P4,2,02,2,1,P4_2_02_39890_155808.png,2,세 변의 길이의 합이 $22 cm$인 이등변삼각형이 있습니다. 이 삼각형의 한 변의 길이는 $6 cm$입니다. 나머지 두 변의 길이가 될 수 있는 것을 모두 구해 보세요.
각의 크기에 따라 분류하기,P4,1,02,2,1,P4_1_02_26187_135485.png,2,오후 $6$ 시 $30$ 분부터 오후 $9$ 시까지 긴바늘이 숫자 $12$를 가리키는 시각 중에서 긴바늘과 짧은바늘이 이루는 작은 쪽의 각이 둔각인 경우는 모두 몇 번인지 구해 보세요.
삼각형과 사각형의 각의 크기의 합,P4,1,02,2,0,P4_1_02_26227_135550.png,2,사각형을 그림과 같이 삼각형 $3$ 개로 나누어 사각형의 네 각의 크기의 합을 구해 보세요.
지름과 반지름 사이의 관계 알아보기,P3,2,03,2,1,P3_2_03_23905_69953.png,2,지름이 $8 m$인 원의 반지름은 몇 $cm$인지 구해 보세요.
원 그리기,P3,2,03,2,1,P3_2_03_23940_70057.png,2,지름이 $12 cm$인 원 안에 반지름이 $3 cm$인 원을 겹치지 않게 그리려고 합니다. 몇 개까지 그릴 수 있는지 구해 보세요.
이등변삼각형의 성질,P4,2,02,2,1,P4_2_02_39890_155811.png,2,세 변의 길이의 합이 $20$ cm인 이등변삼각형이 있습니다. 이 삼각형의 한 변의 길이는 $6$ cm입니다. 나머지 두 변의 길이가 될 수 있는 것을 모두 구해 보세요.
직사각형과 정사각형,P3,1,02,2,1,P3_1_02_25880_160933.png,2,"네 변의 길이의 합이 $34\text{cm}$인 직사각형의 짧은 변의 길이가 $7\text{cm}$일 때, 긴 변의 길이는 몇 $\text{cm}$인지 구해 보세요."
각의 크기에 따라 분류하기,P4,1,02,2,1,P4_1_02_26187_135492.png,2,$오전~6시~30분$부터 $오전~10시~30분$까지 긴바늘이 숫자 $12$를 가리키는 시각 중에서 긴바늘과 짧은바늘이 이루는 작은 쪽의 각이 둔각인 경우는 모두 몇 번인지 구해 보세요.
직사각형과 정사각형,P3,1,02,2,1,P3_1_02_25880_135584.png,2,"네 변의 길이의 합이 $28$ $cm$인 직사각형의 짧은 변의 길이가 $6$ $cm$일 때, 긴 변의 길이는 몇 $cm$인지 구해 보세요."
지름과 반지름 사이의 관계 알아보기,P3,2,03,2,1,P3_2_03_23905_69958.png,2,지름이 $60 cm$인 원의 반지름은 몇 $mm$인지 구해 보세요.
직사각형과 정사각형,P3,1,02,2,1,P3_1_02_21368_54335.png,2,"가로가 $36cm$, 세로가 $19cm$인 직사각형 모양의 종이를 잘라서 가장 큰 정사각형을 만들었습니다. 남은 직사각형 모양 종이의 네 변의 길이의 합은 몇 $cm$인지 구해 보세요."
직사각형과 정사각형,P3,1,02,2,1,P3_1_02_25880_135581.png,2,"네 변의 길이의 합이 $22cm$인 직사각형의 짧은 변의 길이가 $4cm$일 때, 긴 변의 길이는 몇 $cm$인지 구해 보세요."
직사각형과 정사각형,P3,1,02,2,1,P3_1_02_25880_135583.png,2,"네 변의 길이의 합이 $28$ $cm$인 직사각형의 긴 변의 길이가 $8$ $cm$일 때, 짧은 변의 길이는 몇 $cm$인지 구해 보세요."
직사각형과 정사각형,P3,1,02,2,1,P3_1_02_25880_135578.png,2,"네 변의 길이의 합이 $14$ $cm$인 직사각형의 긴 변의 길이가 $4$ $cm$일 때, 짧은 변의 길이는 몇 $cm$인지 구해 보세요."
원 그리기,P3,2,03,2,1,P3_2_03_23949_69602.png,2,한나가 지름이 $12 cm$인 원을 그리려고 합니다. 컴퍼스의 침과 연필심 사이의 길이는 몇 $cm$로 해야 하는지 구해 보세요.
이등변삼각형의 성질,P4,2,02,2,1,P4_2_02_39890_155813.png,2,세 변의 길이의 합이 $30$ $cm$인 이등변삼각형이 있습니다. 이 삼각형의 한 변의 길이는 $8$ $cm$입니다. 나머지 두 변의 길이가 될 수 있는 것을 모두 구해 보세요.
각의 크기에 따라 분류하기,P4,1,02,2,1,P4_1_02_26187_161021.png,2,오전 $7$ 시 $30$분부터 오전 $11$ 시까지 긴바늘이 숫자 $12$를 가리키는 시각 중에서 긴바늘과 짧은바늘이 이루는 작은 쪽의 각이 둔각인 경우는 모두 몇 번인지 구해 보세요.
지름과 반지름 사이의 관계 알아보기,P3,2,03,2,1,P3_2_03_23905_69952.png,2,지름이 $3 m$인 원의 반지름은 몇 $cm$인지 구해 보세요.
이등변삼각형의 성질,P4,2,02,2,1,P4_2_02_39890_155814.png,2,세 변의 길이의 합이 $27cm$ 인 이등변삼각형이 있습니다. 이 삼각형의 한 변의 길이는 $7cm$입니다. 나머지 두 변의 길이가 될 수 있는 것을 모두 구해 보세요.
정삼각형의 성질,P4,2,02,2,1,P4_2_02_24528_82804.png,2,길이가 $21 cm$인 철사로 만들 수 있는 가장 큰 정삼각형의 한 변의 길이는 몇 $cm$인가요?
직사각형과 정사각형,P3,1,02,2,1,P3_1_02_21368_54338.png,2,"가로가 $32 cm$, 세로가 $15 cm$인 직사각형 모양의 종이를 잘라서 가장 큰 정사각형을 만들었습니다. 남은 직사각형 모양 종이의 네 변의 길이의 합은 몇 $cm$인지 구해 보세요."
정삼각형의 성질,P4,2,02,2,1,P4_2_02_24528_73959.png,2,길이가 $45$ $cm$인 철사로 만들 수 있는 가장 큰 정삼각형의 한 변의 길이는 몇 $cm$인가요?
직사각형과 정사각형,P3,1,02,2,1,P3_1_02_21368_54342.png,2,"가로가 $7 cm$, 세로가 $12 cm$인 직사각형 모양의 종이를 잘라서 가장 큰 정사각형을 만들었습니다. 남은 직사각형 모양 종이의 네 변의 길이의 합은 몇 $cm$인지 구해 보세요."
원 그리기,P3,2,03,2,1,P3_2_03_23949_82227.png,2,민지가 지름이 $22 cm$인 원을 그리려고 합니다. 컴퍼스의 침과 연필심 사이의 길이는 몇 $cm$로 해야 하는지 구해 보세요.
원 그리기,P3,2,03,2,1,P3_2_03_23940_70058.png,2,지름이 $4 cm$인 원 안에 반지름이 $1 cm$인 원을 겹치지 않게 그리려고 합니다. 몇 개까지 그릴 수 있는지 구해 보세요.
직사각형과 정사각형,P3,1,02,2,1,P3_1_02_21367_54322.png,2,"철사를 남김없이 사용하여 가로가 $16cm$, 세로가 $4cm$인 직사각형을 만들었습니다. 이 철사를 다시 펴서 가장 큰 정사각형 $1$ 개를 만들 때, 이 정사각형의 한 변의 길이는 몇 $cm$인지 구해 보세요."
원 그리기,P3,2,03,2,1,P3_2_03_23949_82226.png,2,소희가 지름이 $18 cm$인 원을 그리려고 합니다. 컴퍼스의 침과 연필심 사이의 길이는 몇 $cm$로 해야 하는지 구해 보세요.
정삼각형의 성질,P4,2,02,2,1,P4_2_02_24528_73956.png,2,길이가 $18 cm$인 철사로 만들 수 있는 가장 큰 정삼각형의 한 변의 길이는 몇 $cm$인가요?
각의 크기에 따라 분류하기,P4,1,02,2,1,P4_1_02_26187_135489.png,2,오후 $1$ 시부터 오후 $4$ 시까지 긴바늘이 숫자 $12$를 가리키는 시각 중에서 긴바늘과 짧은바늘이 이루는 작은 쪽의 각이 둔각인 경우는 모두 몇 번인지 구해 보세요.
직사각형과 정사각형,P3,1,02,2,1,P3_1_02_21367_54327.png,2,"철사를 남김없이 사용하여 가로가 $19 cm$, 세로가 $3 cm$인 직사각형을 만들었습니다. 이 철사를 다시 펴서 가장 큰 정사각형 $1$ 개를 만들 때, 이 정사각형의 한 변의 길이는 몇 $cm$인지 구해 보세요."
마름모의 성질 활용,P4,2,04,2,1,P4_2_04_24886_75867.png,2,길이가 $60 cm$인 리본을 겹치지 않게 모두 사용하여 마름모를 한 개 만들었습니다. 만들어진 마름모의 한 변의 길이는 몇 $cm$인지 구해 보세요.
마름모의 성질 활용,P4,2,04,2,1,P4_2_04_24886_75863.png,2,길이가 $40 cm$인 끈을 겹치지 않게 모두 사용하여 마름모를 한 개 만들었습니다. 만들어진 마름모의 한 변의 길이는 몇 $cm$인지 구해 보세요.
직사각형과 정사각형,P3,1,02,2,1,P3_1_02_21367_54323.png,2,"철사를 남김없이 사용하여 가로가 $22 cm$, 세로가 $6 cm$인 직사각형을 만들었습니다. 이 철사를 다시 펴서 가장 큰 정사각형 $1$ 개를 만들 때, 이 정사각형의 한 변의 길이는 몇 $cm$인지 구해 보세요."
각의 크기에 따른 분류,P4,1,02,2,1,P4_1_02_41502_161145.png,2,"매시간 정각에 긴바늘과 짧은바늘이 이루는 작은 쪽의 각이 예각이면 종이 $1$ 번, 직각이면 $2$ 번, 둔각이면 $3$ 번 울리는 시계가 있습니다. 오후 $1$ 시 $30 $분부터 오후 $4$ 시 $30$ 분까지 종이 몇 번 울리는지 구해 보세요."
원 그리기,P3,2,03,2,1,P3_2_03_23949_69598.png,2,윤하가 지름이 $4 cm$인 원을 그리려고 합니다. 컴퍼스의 침과 연필심 사이의 길이는 몇 $cm$로 해야 하는지 구해 보세요.
지름과 반지름 사이의 관계 알아보기,P3,2,03,2,1,P3_2_03_23905_69955.png,2,지름이 $5 m$인 원의 반지름은 몇 $cm$인지 구해 보세요.
지름과 반지름 사이의 관계 알아보기,P3,2,03,2,1,P3_2_03_23905_69957.png,2,지름이 $10 cm$인 원의 반지름은 몇 $mm$인지 구해 보세요.
마름모의 성질 활용,P4,2,04,2,1,P4_2_04_24886_75864.png,2,길이가 $48 cm$인 철사를 겹치지 않게 모두 사용하여 마름모를 한 개 만들었습니다. 만들어진 마름모의 한 변의 길이는 몇 $cm$인지 구해 보세요.
각의 크기에 따라 분류하기,P4,1,02,2,1,P4_1_02_26187_135491.png,2,오후 $3$ 시부터 오후 $5$ 시 $30$ 분까지 긴바늘이 숫자 $12$를 가리키는 시각 중에서 긴바늘과 짧은바늘이 이루는 작은 쪽의 각이 둔각인 경우는 모두 몇 번인지 구해 보세요.
이등변삼각형의 성질,P4,2,02,2,1,P4_2_02_39890_155809.png,2,세 변의 길이의 합이 $25 cm$인 이등변삼각형이 있습니다. 이 삼각형의 한 변의 길이는 $7 cm$입니다. 나머지 두 변의 길이가 될 수 있는 것을 모두 구해 보세요.
직사각형과 정사각형,P3,1,02,2,1,P3_1_02_21368_54341.png,2,"가로가 $9 cm$, 세로가 $17 cm$인 직사각형 모양의 종이를 잘라서 가장 큰 정사각형을 만들었습니다. 남은 직사각형 모양 종이의 네 변의 길이의 합은 몇 $cm$인지 구해 보세요."
직사각형과 정사각형,P3,1,02,2,1,P3_1_02_21368_54334.png,2,"가로가 $8cm$, 세로가 $14cm$인 직사각형 모양의 종이를 잘라서 가장 큰 정사각형을 만들었습니다. 남은 직사각형 모양 종이의 네 변의 길이의 합은 몇 $cm$인지 구해 보세요."
원 그리기,P3,2,03,2,1,P3_2_03_23949_69603.png,2,현규가 지름이 $14 cm$인 원을 그리려고 합니다. 컴퍼스의 침과 연필심 사이의 길이는 몇 $cm$로 해야 하는지 구해 보세요.
각의 크기에 따른 분류,P4,1,02,2,1,P4_1_02_41502_161150.png,2,"매시간 정각에 긴바늘과 짧은바늘이 이루는 작은 쪽의 각이 예각이면 종이 $1$ 번, 직각이면 $2$ 번, 둔각이면 $3$ 번 울리는 시계가 있습니다. 오후 $2$ 시 $30$ 분부터 오후 $5$ 시 $30$ 분까지 종이 몇 번 울리는지 구해 보세요."
직각과 직각삼각형,P3,1,02,2,0,P3_1_02_25876_160952.png,2,직각의 개수가 가장 많은 도형과 가장 적은 도형의 직각의 개수의 차는 몇 개인지 구해 보세요.
이등변삼각형의 성질,P4,2,02,2,1,P4_2_02_22870_73788.png,2,삼각형 $ㄱㄴㄷ$과 삼각형 $ㄱㄷㄹ$은 이등변삼각형입니다. $\square$는 몇 도인지 구해 보세요.
